kirkherbstreit,collegegameday,free,picks,ncaaf,nfl,combo,teaser,ncaa,nfl,football,bookie,ticket,num,https,t.co,cblvkkm6bp,
comatosesosa,ihazcopper,every,damn,time,mfers,randomly,selected,years,back,one,particular,time,sticks,https,t.co,itluirxbkh,
rt,jclarknbcs,nigel,bradham,probably,zach,brown,gone,alex,singleton,make,nfl,debut,good,read,roobnbcs,https,
hard,work,great,story,nfl,https,t.co,uh25qvbork,
rt,realdcunningham,patrick,mahomes,injury,change,interest,level,nfl,season,
desertplains496,corvette_racing,bobpockrass,roadamerica,cota,rockinghamspdwy,salem_speedway,think,https,t.co,ntlpjcqo13,
kyler,murray,controls,cardinals,rookie,freedom,change,plays,https,t.co,b5o1q5hitw,
anyone,know,nfl,breast,cancer,awareness,shirts,coming,nfl,officialnflshop,breastcancerawarenessmonth,
rt,bydavidgardner,happy,fourth,anniversary,worst,fake,punt,nfl,history,https,t.co,ytdikipjwn,
rt,onlyinbos,patriots,beat,titans,59,0,snowy,foxborough,ten,years,ago,today,tom,brady,5,touchdowns,1,quarter,6,overa,
rt,onlyinbos,patriots,beat,titans,59,0,snowy,foxborough,ten,years,ago,today,tom,brady,5,touchdowns,1,quarter,6,overa,
updated,nfl,record,10,18,19,win,loss,record,27,18,1,win,rate,60.0,unit,count,24u,https,t.co,uqr62xuywu,
rt,bydavidgardner,happy,fourth,anniversary,worst,fake,punt,nfl,history,https,t.co,ytdikipjwn,
nhl,5,6,1.38,units,nfl,1,0,6.08,units,
teams,dont,want,negative,pr,along,answer,questions,media,distractions,etc,t,https,t.co,e1ylhua0nm,
rt,gematriasports,1,andy,reid,get,200th,career,regular,season,win,tonight,10,17,200th,nfl,win,643,643,117th,pri,
rt,herbieteope,lost,tonight's,game,mahomes,injury,defense,playing,lights,chiefs,offensive,line,exception,
patrick,mahomes,injury,change,interest,level,nfl,season,
rt,nfl,k1,already,breaking,records,azcardinals,redsea,https,t.co,kphsd2namx,
_whoisdez,feel,u,certain,extent,done,nfl,kept,seeing,many,blown,calls,g,https,t.co,rzx1euy08e,
yardsperpass,nfl,comp,dk,metcalf,
bengals,suspend,offensive,lineman,cordy,glenn,one,game,internal,disciplinary,reasons,https,t.co,zbfljnlgkn,https,t.co,deevcr0ufq,
espncfb,free,picks,ncaaf,nfl,combo,teaser,ncaa,nfl,football,bookie,01000.00,ticket,number,75173657,pen,https,t.co,685qjouwa7,
rt,mytimesprose,steelers1288,theesqof212,dolcegabbana,kokomoschmoe,poliv411,kengfunk,kathyireland,tonybrunoshow,cjg57,just,rea,
nice,little,nfl,showdown,win,draftkings,start,week,7,10,rest,nfl,week,ge,https,t.co,bo6tiuayju,
rt,minakimes,trying,talk,nfl,work,week,mahomes,seriously,injured,https,t.co,rmexibhemj,
michellebruton,nfl,blitz,
gm_mikebrown_,jake_nfl,jaymorrisonath,buffalo,
chiefs,trade,qb,mariota,https,t.co,7wur0aduc3,
rye_wire,phildelves,nfl,chargers,nfluk,browns,clubamerica,lol,really,care,ca,just,like,kits,
rt,jerseyfinfan,imagine,brock,osweiler,guy,absolutely,fleeced,nfl,millions,millions,dollars,28,years,o,
podcast,sea42hawks,channelatvorg,greg_woodfill,https,t.co,mkjvbdjhl5,
halcyonrams,unless,nfl,around,100,years,fixed,thing,help,balance,teams,eac,https,t.co,bwdz20lczp,
rt,espnnfl,took,patrick,mahomes,24,games,accumulate,7,500,passing,yards,fastest,player,reach,mark,nfl,hi,
fans,want,qb,back,moore,mahomes,comes,back,ryan,fitzpatrick,base,salary,just,1.5,million,https,t.co,lpddv7j4hj,
rt,espnnfl,10,years,ago,today,tombrady,threw,nfl,record,5,td,one,quarter,one,best,performances,time,via,
espncfb,free,picks,ncaaf,nfl,combo,teaser,ncaa,nfl,football,bookie,01000.00,ticket,number,75173657,pen,https,t.co,zluqe0aixy,
rt,espnnfl,10,years,ago,today,tombrady,threw,nfl,record,5,td,one,quarter,one,best,performances,time,via,
brixxmcrae,nfl,can,bring,kind,emotions,
botemplin,cares,nba,league,full,crybabies,wife,sharon,turned,crap,o,https,t.co,hmd8j3jm8e,
rt,nfltrade_rumors,afc,east,notes,bills,dolphins,jets,patriots,https,t.co,tgrrnmx4au,nfl,https,t.co,xudtkkm74t,
thts,crazy,https,t.co,r6o1jcyhrn,
rickyberwick,mike,ditka,one,nfl's,legendary,coaches,legendary,obviously,
rt,truthhammer888,social,justice,mean,it’s,32,nfl,teams,rejecting,kaepernick,arrogant,self,worsh,
rt,theonion,nfl,game,day,prepper,stockpiles,coolers,bud,light,hundreds,pounds,grilled,meat,underground,bunker,https,t.co,o,
chad,henne,still,nfl,love,michigan,man,https,t.co,endddbtzvn,
nfl,owners,agree,invest,hall,fame,project,https,t.co,ddvpfg97ci,https,t.co,jkozukg9at,
nfl_memes,i’m,assuming,stolen,content,great,work,
blitzc0in,ambos,con,algo,de,riesgo,gustaría,apostar,por,el,potencial,de,singletary,suerte,nfl,https,t.co,ik2eahe0bf,
afc,east,notes,bills,dolphins,jets,patriots,https,t.co,tgrrnmx4au,nfl,https,t.co,xudtkkm74t,
rt,nflfilms,10,years,ago,today,tombrady,led,patriots,wild,59,0,victory,snow,5,td,passes,2nd,quarter,2,
asked,manning,taking,reps,practice,fellas,18,goes,fucked,don,https,t.co,s8hhmdykmv,
rt,pff_49ers,icymi,meanwhile,richard,sherman,appears,trending,back,toward,pre,injury,form,allowing,passer,rating,just,
rt,twelveqbfactory,é,mahomes,provavelmente,fora,da,temporada,que,baque,pros,fãs,de,nfl,uma,perda,enorme,não,só,para,os,chiefs,mas,p,
rt,sethwickersham,coach,ever,another’s,head,belichick,pagano’s,play,worst,designed,nfl,h,
nickpibes,joro_nfl,codyroarknfl,always,thrown,back,foot,never,works,acl,https,t.co,8dzqdq4ykq,
realskipbayless,false,nfl,pickwatch,summarizes,nfl,picks,many,sources,2,3,pick,cowboys,https,t.co,3qdvmcshbc,
rt,espnnfl,10,years,ago,today,tombrady,threw,nfl,record,5,td,one,quarter,one,best,performances,time,via,
wdfordy360,nfl,nflnetwork,comcast,xfinity,cancelled,comcast,awesome,day,
rt,71969fd11f5c4b4,gmandos,kingdeshavius,lancemcalister,makes,millions,nfl,whether,anyone,buys,tickets,listens,
rt,jbbrisco,dislocated,kneecaps,dropped,knees,forceful,prayer,last,night,probably,never,play,quarterback,
rt,nflstatguy,players,53,receptions,teams,first,6,games,nfl,history,2019,cantguardmike,53,2018,cantguardmike,53,2018,
another,good,midday,show,tap,today,11,00,astros,win,away,ws,return,mahomes,injury,11,30,https,t.co,7tmxqqfgfw,
stanleyhouselfc,look,shear,amount,variety,nfl,gear,nike,produce,https,t.co,3zikkv4c9v,
nolez02,saw,adrian,peterson,high,school,looked,like,play,nfl,already,college,h,https,t.co,kiyeodfabc,
rt,loumoore12,since,2017,said,kap,never,play,nfl,believed,mahomes,seriously,injured,andy,re,
rt,nfl,k1,already,breaking,records,azcardinals,redsea,https,t.co,kphsd2namx,
rt,minakimes,trying,talk,nfl,work,week,mahomes,seriously,injured,https,t.co,rmexibhemj,
bobbyfantasypro,bobby,need,apologize,people,fail,understand,nfl,two,things,money,https,t.co,rryn1iiqfu,
rt,treyhob21,nfl,back,shit,now,smh,magical,football,awhile,think,thats,im,sick,right,now,watch,basi,
mikesilver,kurt13warner,nflnetwork,puma,nfl,jerseys,one,point,
drmtesta,imagine,crazy,kap,came,led,chiefs,super,bowl,nothing,like,nfl,
mikegiardi,btw,great,job,covering,nfl,continued,success,
rt,jazzszn,can,nba,flex,games,primetime,like,nfl,
rt,rotoworld_fb,hollywood,brown,logs,another,absence,friday,https,t.co,l7vwvo0zkg,
rt,patriots,10,years,ago,today,whole,lot,points,whole,lot,https,t.co,kqnmnlogln,
además,charlotte,nc,es,una,ciudad,deportiva,en,esencia,tiene,un,equipo,de,béisbol,un,coliseo,de,baloncesto,de,la,https,t.co,cxwycg1o5s,
fantasy,football,doubts,i’m,answer,fantasyfootball,nfl,nflfantasy,fantasyadvice,fantasyguru,c,https,t.co,cubbfzph94,
rt,youbetteryoubet,ybybb,pod,thekostos,amp,joeo670,nfl,supercontest,plays,college,football,w8,degendraft,nfl,cfb,best,bets,
nfl,k1,azcardinals,horribly,worded,just,insignificant,stat,world,
rt,nflrt,new,contender,2019,worst,play,year,https,t.co,heakwacth8,
drroto,sees,tons,points,falcons,rams,big,day,michael,gallup,weekly,visionary,plays,https,t.co,sgcyxrottn,
jasonrmcintyre,besides,mahomes,don’t,think,athletes,wear,old,qb’s,nfl,standards,havi,https,t.co,aq61b6ynwo,
there’s,football,fans,recommend,checking,nfl,lot,football,centric,content,great,great,stuff,
bobbyfantasypro,bobby,tell,anyone,whining,stfu,leave,bobby,alone,he’s,talking,people,https,t.co,wjrszyk6ld,
hockeyhotness,svech,nfl,game,https,t.co,m1yf479kbp,
rt,bydavidgardner,happy,fourth,anniversary,worst,fake,punt,nfl,history,https,t.co,ytdikipjwn,
rt,jason_otc,nfl,points,allowed,points,scored,relative,opponents,average,performance,thru,week,6,top,right,good,offense,good,
rt,jbbrisco,dislocated,kneecaps,dropped,knees,forceful,prayer,last,night,probably,never,play,quarterback,
good,sign,keep,dropping,sure,nfl,games,helping,us,guess,guys,r,https,t.co,zdtucmlf3a,
