impeachment,odds,plummet,trump,releases,ukraine,transcript,biden,went,around,bragging,stopped,th,https,t.co,pphxnwydab,
rt,rtenfrancais,procédure,de,destitution,lancée,à,l'encontre,de,trump,un,acte,politique,revanchard,mayakhadra,infodemuru,ht,
conclusion,ukrainetranscript,transcript,unsurprisingly,just,document,far,f,absolute,truth,fair,https,t.co,xdwocmv3h9,
russian,witch,hunt,total,phony,scam,trump,ukrainetranscript,
cuckoo,cuckoo,cuckoo,cuckoo,trump,
rt,mayawiley,amazing,trump,just,said,corruption,right,https,t.co,ffn3snvba8,
trump,told,united,nations,globalists,called,global,sanctions,iran,trump,pull,https,t.co,kpwqix2lte,
rt,mrshelby4,je,vois,certains,avancer,la,théorie,que,toute,l'affaire,ukrainienne,n'est,qu'un,piège,de,trump,envers,les,démocrates,j'ai,
democrats,milwaukee,surrend,u.s,soverignity,citizens,safety,illegal,aliens,happ,https,t.co,cdrj7vunu6,
rt,silveradie,trumpimpeachment,nancy,pelosi,told,trump,come,wheelhouse,trump,get,clobbered,impeac,
rt,rtenfrancais,le,président,ukrainien,volodymyr,zelensky,fait,savoir,que,l'échange,téléphonique,avec,donald,trump,avait,été,
palmerreport,trump,senatemajldr,lies,crimes,hopefully,adjudicated,mental,illness,preposter,https,t.co,m9jj4qlhsy,
rt,seanmgreen1,watching,news,conference,take,can,put,fact,checking,device,lie,detector,every,falseh,
rt,rtenfrancais,la,maison,blanche,publie,la,retranscription,de,l'appel,entre,donald,trump,et,volodymyr,zelensky,etatsunis,uk,
<U+C544><U+C6CC><U+D648>,<U+AD6C><U+C790><U+D559>,<U+C0AC><U+BCF4><U+D150>,<U+B3C8><U+AC00><U+C2A4>,trump,https,t.co,hcilunagw9,
yes,still,ranting,losing,popular,vote,2016,trumppresser,trump,
rt,rtenfrancais,emmanuel,macron,appelle,hassan,rohani,à,ne,pas,partir,de,l,onu,sans,rencontrer,donald,trump,unga,iran,
rt,mayawiley,tale,2,whistleblowers,here’s,irs,trump,taxreturn,allegation,might,possible,abt,interfering,w,audit,http,
lindseygrahamsc,realdonaldtrump,yes,crimes,presidentpussyassbitch,committed,https,t.co,kozcuyrh0b,
rt,mayawiley,i’m,noticing,lot,bots,replying,ukraine,tweets,defending,trump,amp,attacking,biden,
trump,even,standards,press,conference,extraordinary,
trump,still,talking,2016,election,trump,https,t.co,9ctvneem5w,
jaketapper,well,turned,well,rudygiuliani,bald,billionaire,bad,comb,weakdonald,https,t.co,wxiivo20ln,
fuck,electro,college,spinning,trump,hesamess,destroyer,corruption,shameful,
rt,ladyredwave,care,damn,rino,say,regret,vote,amp,glad,never,got,presidency,might,
rt,can2geterdone,schiff,panics,moves,goalposts,trump,zelensky,transcript,shows,zero,quid,pro,quo,classic,mafia,like,shakedown,
rt,shartacular,trying,trot,greatest,hits,just,waiting,hillary's,emails,full,bingo,card,trump,
rt,lesleytweeters,guess,dnc,voters,didn’t,want,establishment,dem,16,won’t,vote,one,20,it’s,bigger,s,
rt,livinmytruth,realdonaldtrump,wants,fulltransparency,agree,100,releasetrumpstaxreturns,disclose,trump's,hi,
trump,place,nothing,mean,nothing,saying,makes,sense,maga2020,can,forget,abo,https,t.co,mljm1v3nib,
trump,can’t,help,didn’t,take,poll,data,russians,like,right,now,cult,members,https,t.co,q8estiauwl,
rt,echenikeeee,la,niña,del,cambioclimatico,nos,narra,la,historia,de,estos,soldados,americanos,trump,dejalos,en,paz,que,ya,serán,ancia,
rt,cowards_are_us,2020,rolls,around,republicans,protected,lifelong,criminal,amp,pussy,grabber,b,gone,trump,lindsey,
rt,dannerism,breaking,trump,ordered,pizza,phone,asked,special,topping,prompted,investigation,whet,
trump,sedated,medicated,rambling,mess,trump,https,t.co,pxkfiabocz,
rt,n_rode,trump,quietly,met,ukraine's,president,last,night,zelensky,just,tweeted,picture,seem,
rt,saracarterdc,dems,impeach,trump,publishing,transcript,call,prez,ukraine,trump,transcript,unredacted,
rt,silveradie,nancy,pelosi,told,trump,come,wheelhouse,trump,get,clobbered,impeachment,nancy,
drug,addled,mind,trump,
sos,america,president,lost,mind,trump,
wow,trump,totally,rails,
activos,de,riesgo,globales,se,desvalorizaron,por,aumento,de,riesgo,político,pues,se,declaró,ilegal,suspensión,del,https,t.co,bfutomzd4w,
rt,lbpyyz,like,inside,voice,trump,trumppresser,jaketapper,nbcnews,nytimesworld,
rt,jerome_riviere,incapables,de,s’imposer,politiquement,les,démocrates,s’improvisent,juges,lancent,une,enquête,pour,destituer,trump,fa,
rt,drjwalag,proud,trump,calling,modi,fatherofnation,consider,indians,says,jitendrasingh,
rt,mayawiley,tale,2,whistleblowers,here’s,irs,trump,taxreturn,allegation,might,possible,abt,interfering,w,audit,http,
trump,rammmmmmbling,hillary,wtfuck,let,speak,office,keep,yacking,idiot,
rt,jodenerdc,potus,keeps,slamming,globalization,political,international,stages,trump,really,goes,global,asking,
media,calling,trump's,lies,phony,witchunt,letting,know,39,indictme,https,t.co,xghppnxglg,
realdonaldtrump,got,dementia,i’m,starting,wonder,trump,potus,
rt,mayawiley,tale,2,whistleblowers,here’s,irs,trump,taxreturn,allegation,might,possible,abt,interfering,w,audit,http,
like,inside,voice,trump,trumppresser,jaketapper,nbcnews,nytimesworld,
rt,andyostroy,realdonaldtrump,gopleader,don’t,get,just,make,shit,deflect,anway,corruption,treason,h,
rt,cowards_are_us,wake,trump,makes,us,pay,4,idiotic,trade,war,buffoonery,goes,unchecked,senatemajldr,gopleader,amp,lind,
sniffing,back,trumpimpeachment,trump,
now,back,biggest,election,win,history,trump,derailed,totally,
rt,can2geterdone,schiff,panics,moves,goalposts,trump,zelensky,transcript,shows,zero,quid,pro,quo,classic,mafia,like,shakedown,
mediawars,glad,go,un,trump,liarskeeplying,stalkarazzi,deepfakes,listening,cynthia,basinet,
ugh,trump,fragile,pathetic,a.f,
rt,andyostroy,realdonaldtrump,gopleader,don’t,get,just,make,shit,deflect,anway,corruption,treason,h,
rt,democracydmv,god,trump,still,going,5th,grade,stole,timmy’s,lunch,deliver,ukraine,pressconference,u,
rt,corp_curmudgeon,trump,holding,truly,psychopathic,pressconference,right,now,realdonaldtrump,clearly,medicated,wack,fr,
rt,joyce_karam,trump,urged,dems,twice,ask,vp,pence’s,zelensky,think,ask,vp,pence’s,conversations,becau,
rt,can2geterdone,schiff,panics,moves,goalposts,trump,zelensky,transcript,shows,zero,quid,pro,quo,classic,mafia,like,shakedown,
rt,mayawiley,tale,2,whistleblowers,here’s,irs,trump,taxreturn,allegation,might,possible,abt,interfering,w,audit,http,
realdonaldtrump,gopleader,first,wasn’t,transcript,someones,notes,really,think,america,https,t.co,kofsiquuse,
25th,amendment,anyone,trump,https,t.co,nbd3wz5ugw,
rt,gabrielarkles,october,8,trump,administration,employers,argue,okay,fire,trans,woman,long,e,
rt,ciudadano_hn,cumbre,trump,joh,el,presidente,juan,orlando,hernández,se,reúne,con,el,presidente,donald,trump,para,firmar,histórico,acu,
rt,documentonews,e<U+03AF><U+03BD>a<U+03B9>,<U+03AC><U+03B3><U+03BD><U+03C9>st<U+03BF>,t<U+03B9>,p<U+03C1><U+03BF>ß<U+03BB><U+03AD>pe<U+03B9>,t<U+03BF>,p<U+03C1><U+03C9>t<U+03CC><U+03BA><U+03BF><U+03BB><U+03BB><U+03BF>,<U+03BA>a<U+03B9>,µe,p<U+03BF><U+03B9>a,<U+03B9>d<U+03B9><U+03CC>t<U+03B7>ta,ß<U+03C1><U+03AD><U+03B8><U+03B7><U+03BA>e,e<U+03BA>e<U+03AF>,<U+03C9><U+03C2>,s<U+03CD><U+03B6><U+03C5><U+03B3><U+03BF><U+03C2>,t<U+03BF><U+03C5>,p<U+03C1><U+03C9><U+03B8><U+03C5>p<U+03BF><U+03C5><U+03C1><U+03B3><U+03BF><U+03CD>,<U+03AE>,s<U+03C5><U+03BD>e<U+03C1><U+03B3><U+03AC>t<U+03B7><U+03C2>,ht,
republican,sen,cindy,hyde,smith,u.s,house,rep,steven,palazzo,dismissed,concerns,trump,urging,https,t.co,ngw7hlncq4,
rt,can2geterdone,boom,full,transcript,president,trump's,july,call,ukrainian,leader,zerensky,5,pages,uh,oh,
need,just,one,reporter,just,one,follow,great,now,answer,question,asked,trump,
realdonaldtrump,fucking,moron,he’s,still,yammering,election,won,2016,impeachthemf,trump,
rt,mayawiley,tale,2,whistleblowers,here’s,irs,trump,taxreturn,allegation,might,possible,abt,interfering,w,audit,http,
rt,erowe121987,mr,president,please,tell,us,impeachment,inquiry,trump,i’m,going,build,wall,great,
rt,darhar981,doj,trump,violate,federalcampaignfinancelaws,action,required,trump2020landslide,maga2020,
rt,corentinsellin,washingtonpost,15,confirmation,de,la,fébrilité,chez,trump,cette,phrase,stupéfiante,en,conférence,de,presse,à,l,un,
trump,shut,says,things,lies,
rt,corentinsellin,washingtonpost,2,cette,nouvelle,info,est,très,importante,même,si,elle,est,évidemment,niée,par,la,maison,blanche.ell,
