rt,amhairdew,can,put,alll,refs,cover,madden,please,asking,friend,football,fans,nfl,nflofficiating,
rt,kcchiefs_matt,dustin,colquitt,made,history,last,night,joining,jeff,feagles,shane,lechler,one,three,players,nfl,
patrickmahomes,nfl,best,
rt,jagibbs_23,kenny,golladay,ranks,ninth,wr,position,targets,nine,per,game,third,air,yards,120.8,per,game,th,
rt,densmore_619,i’ve,never,heard,sound,like,part,haven’t,since,chargers,belong,sd,nflcommish,nfl,
rt,espnnfl,10,years,ago,today,tombrady,threw,nfl,record,5,td,one,quarter,one,best,performances,time,via,
rt,jaysekulow,radio,planned,parenthood,employee,jokes,selling,baby,body,parts,lamborghini,https,t.co,ulhtzcnha1,
baldynfl,chiefs,broncos,nfl,tackles,get,destroyed,royce,freeman,slides,makes,sure,nobody,tape,https,t.co,ibahtc0x8x,
rt,ab89,colin,kaepernick,best,qb,4,nfl,teams,right,now,sign,
inemity,nfl,chiefs,what’s,difference,eric,reid,protest,kaepernick,
rt,ryan_gibbs7,ea,pays,money,monopoly,rights,nfl,yet,treat,product,joke,refuse,believe,
nfl,houstontexans,makes,sense,
rt,espnnfl,10,years,ago,today,tombrady,threw,nfl,record,5,td,one,quarter,one,best,performances,time,via,
nfl_kneelers,mrandyngo,believe,it’s,spelled,dummy,
joe,buck,may,greatest,life,ever,lives,heads,every,teams,fan,base,hot,former,cheerlead,https,t.co,ct8db4p8mh,
rt,tampabaytre,little,fun,one,we’re,almost,midway,point,nfl,season,trade,deadline,loomi,
rt,theonion,nfl,game,day,prepper,stockpiles,coolers,bud,light,hundreds,pounds,grilled,meat,underground,bunker,https,t.co,o,
sportsbetting,sportspicks,sports,winning,winner,parlay,freepicks,entrepreneur,vegas,dfs,fanduel,https,t.co,jn5ezawcrb,
rt,susansember,even,brother,azcardinals,assistant,gm,time,can,replace,know,nfl,business,wise,
rt,patmcafeeshow,it’s,4,year,anniversary,many,people,call,worst,play,history,nfl,just,happened,b,
saquon,ever,go,madden,box,https,t.co,wuw80yfwaq,
rt,filmystic,tedcruz,nike,nfl,stfu,daddy,quit,stirring,shit,try,use,photo,op,prop,https,t.co,zundn5mtdd,
proatc,stephania_espn,pressure,just,whole,nfl,world,watching,closely,next,couple,weeks,lol,
week,7,nfl,game,picks,schedule,guide,fantasy,football,tips,https,t.co,m3clu2d5jt,via,espn,app,https,t.co,ovmyvyrstw,
rt,allknowing67,a.j,green,trade,value,suitors,https,t.co,jvtspqurr2,
rt,espnnfl,10,years,ago,today,tombrady,threw,nfl,record,5,td,one,quarter,one,best,performances,time,via,
rt,susansember,can,happen,anyone,professional,sports,career,part,time,job,insights,re,finances,shared,rodd,n,
rt,choppodong,seen,coaching,cheatsheets,every,sport,detailed,notes,assemble,competitive,lineups,hour,perfe,
a.j,green,trade,value,suitors,https,t.co,jvtspqurr2,
rt,geoffhobsoncin,zac,says,dennard,going,play,sunday,looks,like,dunlap,lawson,mean,andrew,brown,gets,first,nfl,st,
rt,chiefs,9,sacks,10,tfls,1,touchdown,dominant,performance,defense,via,nfl,https,t.co,dpx198c5fd,
reagan_doubleu,nfl,houstontexans,us,
rt,nfl,start,robert,woods,sit,terry,mclaurin,week,7,nflfantasy,start,em,sit,em,wrs,https,t.co,qxftya76yn,via,michael_fabian,
bad,officiating,little,tolerable,nearly,every,defensive,penalty,automatic,first,https,t.co,77diyvcw4j,
rt,bydavidgardner,happy,fourth,anniversary,worst,fake,punt,nfl,history,https,t.co,ytdikipjwn,
rt,nfl,ain’t,gotta,perfect,sundays,just,gotta,great,volume,houstontexans,statement,win,via,nfl,fil,
zac,says,dennard,going,play,sunday,looks,like,dunlap,lawson,mean,andrew,brown,gets,first,nfl,start,le,
rt,pff_49ers,icymi,meanwhile,richard,sherman,appears,trending,back,toward,pre,injury,form,allowing,passer,rating,just,
eagles,vs,cowboys,look,rebound,headlines,best,games,sunday,nfl,week,7,games,sho,https,t.co,ocubny40fh,
broncobecka,ive,bled,black,silver,45,yrs,time,struggling,w,heartfelt,disappointment,however,https,t.co,ccopoyvfsb,
nhl,5,6,0.66,units,nfl,1,0,6.08,units,october,17th,total,6.74,units,
fatboifresh17,say,fat,i’m,getting,old,nba,nfl,sweats,jeans,
rt,fishsports,fish,report,video,cowboys,suddenly,getting,healthy,time,eagles,https,t.co,pz1djisepx,via,sinow,h,
hailrodgers12_,zajacobson,nfl,one,considering,boycotting,thursdaynightfootball,cheated,https,t.co,ri9f37hvpy,
super_mcnastyyy,nfl,k1,azcardinals,record,record,record,it’s,impressive,anyone,hand,coul,https,t.co,sclnw1wjtw,
rt,espnnfl,10,years,ago,today,tombrady,threw,nfl,record,5,td,one,quarter,one,best,performances,time,via,
rt,patmcafeeshow,it’s,4,year,anniversary,many,people,call,worst,play,history,nfl,just,happened,b,
nfl,houstontexans,charless_94,literally,biggest,steal,draft,
4th,flacco,sack,lb,hitchens,blitz,untouched,flacco,hit,2.7,seconds,seems,like,protection,needs,c,https,t.co,iw3q9shniz,
rt,ourturffb,just,us,ladies,amp,available,turf,wear,erin,andrews,functional,age,appropriate,size,inclusive,
rt,primeroydiez,con,andresornelash,de,regreso,te,dejamos,esta,edición,de,apuesta,ganadora,nuestro,podcast,con,las,mejores,recomendacion,
rt,espnnfl,10,years,ago,today,tombrady,threw,nfl,record,5,td,one,quarter,one,best,performances,time,via,
march_for_life,love,standing,rights,unborn,support,pray,message,find,https,t.co,944bbnacoq,
nfl_memes,bighurtrocks,holy,hell,hilarious,
four,years,ago,today,colts,ran,strangest,ineffective,just,plain,worst,fake,punt,nfl,history,https,t.co,gqlmmgse0v,
nfl_memes,wtf,
rt,kcchiefs_matt,dustin,colquitt,made,history,last,night,joining,jeff,feagles,shane,lechler,one,three,players,nfl,
rt,keitnotes,fanduel,week,7,matt_taylor97,coming,one,best,weeks,yet,https,t.co,nkwvmfoa59,
nfl_memes,bighurtrocks,martinlee739,
rt,tdexperience,going,fun,footballfriday,patdonovanradio,aaronjacobson10,12,30,adamrank,1,00,patkirwa,
rt,filmystic,tedcruz,nike,nfl,stfu,daddy,quit,stirring,shit,try,use,photo,op,prop,https,t.co,zundn5mtdd,
<U+601D>,<U+3063>,<U+305F><U+3088><U+308A>,<U+8CEA><U+554F>,<U+9802>,<U+3051>,<U+3066>,<U+5B09><U+3057><U+3044>,<U+3067><U+3059>,<U+7B11>,nfl,<U+306E>,<U+77E5><U+8B58>,<U+306F>,<U+307E><U+3060><U+307E><U+3060>,<U+6D45><U+3044>,<U+306E><U+3067>,<U+3054>,<U+6559><U+6388>,<U+306E>,<U+307B><U+3069>,<U+3088><U+308D><U+3057><U+304F>,<U+304A><U+9858><U+3044>,<U+3057>,<U+307E><U+3059>,
rt,pff,nfl,defense,rankings,week,6,https,t.co,ubqthfidtb,https,t.co,nalevptscv,
heater,just,warmed,room,oh,marvelously,
rt,highiightreeis,sums,nfl,refs,2019,https,t.co,t7ah65iu5b,
rt,nflnetwork,want,position,worst,position,could’ve,johnelway,recalls,debut,game,
last,night’s,nfl,game,play,here’s,sportsbetting,https,t.co,oek60wgdkn,
rt,chiefs,9,sacks,10,tfls,1,touchdown,dominant,performance,defense,via,nfl,https,t.co,dpx198c5fd,
rt,tdexperience,going,fun,footballfriday,patdonovanradio,aaronjacobson10,12,30,adamrank,1,00,patkirwa,
famousjameisszn,dangerusswilson,nfl,patrickmahomes,boi,u,need,stop,
flexoffdamuscle,lol,better,nfl,career,shutup,bro,
nfl,bairnbcs,injury,serious,takes,6,weeks,just,heal,
rt,nfcomtr,bugün,fenerbahçe,ülker,arena’ya,giden,herkes,oyuncularla,fotograf,çektirebilecek,nfl,sezonu,basinda,dallas,cowboys,da,
rt,aroundthenfl,jameis,winston,marcus,mariota,continue,disappoint,marcsessler,ponders,league,wide,qb,problem,seem,
dwolfsonkstp,schouie3,cba,end,need,go,nfl,model,cost,teams,picks,signin,https,t.co,bzqglxt47q,
rt,ab89,colin,kaepernick,best,qb,4,nfl,teams,right,now,sign,
nfl,houstontexans,i’ll,go,ahead,perefect,anyways,
send,ukraine,acct,ok,barstoolsports,cc,nba,espnnba,espn,kilmeade,nfl,nflonfox,https,t.co,22pz52ljn1,
rt,nfl,vote,pepsi,rookie,week,https,t.co,8wft31baox,https,t.co,5hjlchxi5a,
mannythfc,surely,nfl,needs,somewhere,
rt,fantasyalarm,discover,winning,fantasy,sports,get,35,everything,w,code,october,lowest,price,ever,ends,10,21,want,n,
rt,dailyroto,top,plays,value,picks,boost,candidates,4000pounds,position,https,t.co,ur8zmyokca,https,t.co,iectqltb,
rt,espnnfl,10,years,ago,today,tombrady,threw,nfl,record,5,td,one,quarter,one,best,performances,time,via,
rt,patmcafeeshow,it’s,4,year,anniversary,many,people,call,worst,play,history,nfl,just,happened,b,
verizon,people,live,nfl,stadiums,building,suburban,america,instead,
put,money,mouth,san,francisco,49ers,beat,washington,redskins,nfl,football,https,t.co,97vjqfgggx,betonline,none,
rt,patmcafeeshow,it’s,4,year,anniversary,many,people,call,worst,play,history,nfl,just,happened,b,
nfl,card,1.5u,chiefs,3,125,player,prop,1u,joe,flacco,u2.5,rushing,yards,120,5u,lindsay,anytime,td,scorer,12,https,t.co,c0zie07s30,
rt,chuckmodi1,warped,deranged,nfl,media,universe,trade,eli,manning,replace,sign,colin,kaepernick,let’s,just,replac,
dmostmane,say,throw,i’m,talking,technical,act,throwing,every,starting,qb,can,https,t.co,sfgwkr2bks,
